resourceKey,resourceType,resourceInstancePath,resourceName,resourceDefinition,bicepResource,readOperation,createOrUpdateOperation
microsoft.compute/availabilitysets|/subscriptions/{}/resourcegroups/{}/providers/microsoft.compute/availabilitysets/{},Microsoft.Compute/availabilitySets,/subscriptions/{subscriptionId}/resourceGroups/{resourceGroupName}/providers/Microsoft.Compute/availabilitySets/{availabilitySetName},AvailabilitySet,https://github.com/Azure/azure-rest-api-specs/blob/fe2ecb8ba063bedd3fab06de547cb4fd2eb99658/specification/compute/resource-manager/Microsoft.Compute/Compute/Compute/AvailabilitySet.tsp#L17,true,https://github.com/Azure/azure-rest-api-specs/blob/fe2ecb8ba063bedd3fab06de547cb4fd2eb99658/specification/compute/resource-manager/Microsoft.Compute/Compute/Compute/AvailabilitySet.tsp#L38,https://github.com/Azure/azure-rest-api-specs/blob/fe2ecb8ba063bedd3fab06de547cb4fd2eb99658/specification/compute/resource-manager/Microsoft.Compute/Compute/Compute/AvailabilitySet.tsp#L44
microsoft.compute/capacityreservationgroups/capacityreservations|/subscriptions/{}/resourcegroups/{}/providers/microsoft.compute/capacityreservationgroups/{}/capacityreservations/{},Microsoft.Compute/capacityReservationGroups/capacityReservations,/subscriptions/{subscriptionId}/resourceGroups/{resourceGroupName}/providers/Microsoft.Compute/capacityReservationGroups/{capacityReservationGroupName}/capacityReservations/{capacityReservationName},CapacityReservation,https://github.com/Azure/azure-rest-api-specs/blob/fe2ecb8ba063bedd3fab06de547cb4fd2eb99658/specification/compute/resource-manager/Microsoft.Compute/Compute/Compute/CapacityReservation.tsp#L19,true,https://github.com/Azure/azure-rest-api-specs/blob/fe2ecb8ba063bedd3fab06de547cb4fd2eb99658/specification/compute/resource-manager/Microsoft.Compute/Compute/Compute/CapacityReservation.tsp#L43,https://github.com/Azure/azure-rest-api-specs/blob/fe2ecb8ba063bedd3fab06de547cb4fd2eb99658/specification/compute/resource-manager/Microsoft.Compute/Compute/Compute/CapacityReservation.tsp#L58
microsoft.compute/capacityreservationgroups|/subscriptions/{}/resourcegroups/{}/providers/microsoft.compute/capacityreservationgroups/{},Microsoft.Compute/capacityReservationGroups,/subscriptions/{subscriptionId}/resourceGroups/{resourceGroupName}/providers/Microsoft.Compute/capacityReservationGroups/{capacityReservationGroupName},CapacityReservationGroup,https://github.com/Azure/azure-rest-api-specs/blob/fe2ecb8ba063bedd3fab06de547cb4fd2eb99658/specification/compute/resource-manager/Microsoft.Compute/Compute/Compute/CapacityReservationGroup.tsp#L17,true,https://github.com/Azure/azure-rest-api-specs/blob/fe2ecb8ba063bedd3fab06de547cb4fd2eb99658/specification/compute/resource-manager/Microsoft.Compute/Compute/Compute/CapacityReservationGroup.tsp#L33,https://github.com/Azure/azure-rest-api-specs/blob/fe2ecb8ba063bedd3fab06de547cb4fd2eb99658/specification/compute/resource-manager/Microsoft.Compute/Compute/Compute/CapacityReservationGroup.tsp#L47
microsoft.compute/hostgroups/hosts|/subscriptions/{}/resourcegroups/{}/providers/microsoft.compute/hostgroups/{}/hosts/{},Microsoft.Compute/hostGroups/hosts,/subscriptions/{subscriptionId}/resourceGroups/{resourceGroupName}/providers/Microsoft.Compute/hostGroups/{hostGroupName}/hosts/{hostName},DedicatedHost,https://github.com/Azure/azure-rest-api-specs/blob/fe2ecb8ba063bedd3fab06de547cb4fd2eb99658/specification/compute/resource-manager/Microsoft.Compute/Compute/Compute/DedicatedHost.tsp#L19,true,https://github.com/Azure/azure-rest-api-specs/blob/fe2ecb8ba063bedd3fab06de547cb4fd2eb99658/specification/compute/resource-manager/Microsoft.Compute/Compute/Compute/DedicatedHost.tsp#L41,https://github.com/Azure/azure-rest-api-specs/blob/fe2ecb8ba063bedd3fab06de547cb4fd2eb99658/specification/compute/resource-manager/Microsoft.Compute/Compute/Compute/DedicatedHost.tsp#L56
microsoft.compute/hostgroups|/subscriptions/{}/resourcegroups/{}/providers/microsoft.compute/hostgroups/{},Microsoft.Compute/hostGroups,/subscriptions/{subscriptionId}/resourceGroups/{resourceGroupName}/providers/Microsoft.Compute/hostGroups/{hostGroupName},DedicatedHostGroup,https://github.com/Azure/azure-rest-api-specs/blob/fe2ecb8ba063bedd3fab06de547cb4fd2eb99658/specification/compute/resource-manager/Microsoft.Compute/Compute/Compute/DedicatedHostGroup.tsp#L17,true,https://github.com/Azure/azure-rest-api-specs/blob/fe2ecb8ba063bedd3fab06de547cb4fd2eb99658/specification/compute/resource-manager/Microsoft.Compute/Compute/Compute/DedicatedHostGroup.tsp#L33,https://github.com/Azure/azure-rest-api-specs/blob/fe2ecb8ba063bedd3fab06de547cb4fd2eb99658/specification/compute/resource-manager/Microsoft.Compute/Compute/Compute/DedicatedHostGroup.tsp#L47
microsoft.compute/images|/subscriptions/{}/resourcegroups/{}/providers/microsoft.compute/images/{},Microsoft.Compute/images,/subscriptions/{subscriptionId}/resourceGroups/{resourceGroupName}/providers/Microsoft.Compute/images/{imageName},Image,https://github.com/Azure/azure-rest-api-specs/blob/fe2ecb8ba063bedd3fab06de547cb4fd2eb99658/specification/compute/resource-manager/Microsoft.Compute/Compute/Compute/Image.tsp#L17,true,https://github.com/Azure/azure-rest-api-specs/blob/fe2ecb8ba063bedd3fab06de547cb4fd2eb99658/specification/compute/resource-manager/Microsoft.Compute/Compute/Compute/Image.tsp#L37,https://github.com/Azure/azure-rest-api-specs/blob/fe2ecb8ba063bedd3fab06de547cb4fd2eb99658/specification/compute/resource-manager/Microsoft.Compute/Compute/Compute/Image.tsp#L51
microsoft.compute/interconnectblocks|/subscriptions/{}/resourcegroups/{}/providers/microsoft.compute/interconnectblocks/{},Microsoft.Compute/interconnectBlocks,/subscriptions/{subscriptionId}/resourceGroups/{resourceGroupName}/providers/Microsoft.Compute/interconnectBlocks/{interconnectBlockName},InterconnectBlock,https://github.com/Azure/azure-rest-api-specs/blob/fe2ecb8ba063bedd3fab06de547cb4fd2eb99658/specification/compute/resource-manager/Microsoft.Compute/Compute/Compute/InterconnectBlock.tsp#L18,true,https://github.com/Azure/azure-rest-api-specs/blob/fe2ecb8ba063bedd3fab06de547cb4fd2eb99658/specification/compute/resource-manager/Microsoft.Compute/Compute/Compute/InterconnectBlock.tsp#L48,https://github.com/Azure/azure-rest-api-specs/blob/fe2ecb8ba063bedd3fab06de547cb4fd2eb99658/specification/compute/resource-manager/Microsoft.Compute/Compute/Compute/InterconnectBlock.tsp#L62
microsoft.compute/locations/publishers/artifacttypes/types/versions|/subscriptions/{}/providers/microsoft.compute/locations/{}/publishers/{}/artifacttypes/vmextension/types/{}/versions/{},Microsoft.Compute/locations/publishers/artifacttypes/types/versions,/subscriptions/{subscriptionId}/providers/Microsoft.Compute/locations/{location}/publishers/{publisherName}/artifacttypes/vmextension/types/{type}/versions/{version},TypesVersions,https://github.com/Azure/azure-rest-api-specs/blob/fe2ecb8ba063bedd3fab06de547cb4fd2eb99658/specification/compute/resource-manager/Microsoft.Compute/Compute/Compute/VirtualMachineExtensionImage.tsp#L19,false,https://github.com/Azure/azure-rest-api-specs/blob/fe2ecb8ba063bedd3fab06de547cb4fd2eb99658/specification/compute/resource-manager/Microsoft.Compute/Compute/Compute/VirtualMachineExtensionImage.tsp#L70,
microsoft.compute/locations/publishers/artifacttypes/types|/subscriptions/{}/providers/microsoft.compute/locations/{}/publishers/{}/artifacttypes/vmextension/types/{},Microsoft.Compute/locations/publishers/artifacttypes/types,/subscriptions/{subscriptionId}/providers/Microsoft.Compute/locations/{location}/publishers/{publisherName}/artifacttypes/vmextension/types/{type},Type,https://github.com/Azure/azure-rest-api-specs/blob/fe2ecb8ba063bedd3fab06de547cb4fd2eb99658/specification/compute/resource-manager/Microsoft.Compute/Compute/Compute/VirtualMachineExtensionImage.tsp#L19,false,,
microsoft.compute/locations/publishers/artifacttypes|/subscriptions/{}/providers/microsoft.compute/locations/{}/publishers/{}/artifacttypes/vmextension,Microsoft.Compute/locations/publishers/artifacttypes,/subscriptions/{subscriptionId}/providers/Microsoft.Compute/locations/{location}/publishers/{publisherName}/artifacttypes/vmextension,Artifacttype,https://github.com/Azure/azure-rest-api-specs/blob/fe2ecb8ba063bedd3fab06de547cb4fd2eb99658/specification/compute/resource-manager/Microsoft.Compute/Compute/Compute/VirtualMachineExtensionImage.tsp#L19,false,,
microsoft.compute/locations/publishers|/subscriptions/{}/providers/microsoft.compute/locations/{}/publishers/{},Microsoft.Compute/locations/publishers,/subscriptions/{subscriptionId}/providers/Microsoft.Compute/locations/{location}/publishers/{publisherName},Publisher,https://github.com/Azure/azure-rest-api-specs/blob/fe2ecb8ba063bedd3fab06de547cb4fd2eb99658/specification/compute/resource-manager/Microsoft.Compute/Compute/Compute/VirtualMachineExtensionImage.tsp#L19,false,,
microsoft.compute/locations|/subscriptions/{}/providers/microsoft.compute/locations/{},Microsoft.Compute/locations,/subscriptions/{subscriptionId}/providers/Microsoft.Compute/locations/{location},Location,https://github.com/Azure/azure-rest-api-specs/blob/fe2ecb8ba063bedd3fab06de547cb4fd2eb99658/specification/compute/resource-manager/Microsoft.Compute/Compute/Compute/VirtualMachineExtensionImage.tsp#L19,false,,
microsoft.compute/proximityplacementgroups|/subscriptions/{}/resourcegroups/{}/providers/microsoft.compute/proximityplacementgroups/{},Microsoft.Compute/proximityPlacementGroups,/subscriptions/{subscriptionId}/resourceGroups/{resourceGroupName}/providers/Microsoft.Compute/proximityPlacementGroups/{proximityPlacementGroupName},ProximityPlacementGroup,https://github.com/Azure/azure-rest-api-specs/blob/fe2ecb8ba063bedd3fab06de547cb4fd2eb99658/specification/compute/resource-manager/Microsoft.Compute/Compute/Compute/ProximityPlacementGroup.tsp#L17,true,https://github.com/Azure/azure-rest-api-specs/blob/fe2ecb8ba063bedd3fab06de547cb4fd2eb99658/specification/compute/resource-manager/Microsoft.Compute/Compute/Compute/ProximityPlacementGroup.tsp#L33,https://github.com/Azure/azure-rest-api-specs/blob/fe2ecb8ba063bedd3fab06de547cb4fd2eb99658/specification/compute/resource-manager/Microsoft.Compute/Compute/Compute/ProximityPlacementGroup.tsp#L47
microsoft.compute/restorepointcollections/restorepoints|/subscriptions/{}/resourcegroups/{}/providers/microsoft.compute/restorepointcollections/{}/restorepoints/{},Microsoft.Compute/restorePointCollections/restorePoints,/subscriptions/{subscriptionId}/resourceGroups/{resourceGroupName}/providers/Microsoft.Compute/restorePointCollections/{restorePointCollectionName}/restorePoints/{restorePointName},RestorePoint,https://github.com/Azure/azure-rest-api-specs/blob/fe2ecb8ba063bedd3fab06de547cb4fd2eb99658/specification/compute/resource-manager/Microsoft.Compute/Compute/Compute/RestorePoint.tsp#L19,true,https://github.com/Azure/azure-rest-api-specs/blob/fe2ecb8ba063bedd3fab06de547cb4fd2eb99658/specification/compute/resource-manager/Microsoft.Compute/Compute/Compute/RestorePoint.tsp#L34,https://github.com/Azure/azure-rest-api-specs/blob/fe2ecb8ba063bedd3fab06de547cb4fd2eb99658/specification/compute/resource-manager/Microsoft.Compute/Compute/Compute/RestorePoint.tsp#L49
microsoft.compute/restorepointcollections|/subscriptions/{}/resourcegroups/{}/providers/microsoft.compute/restorepointcollections/{},Microsoft.Compute/restorePointCollections,/subscriptions/{subscriptionId}/resourceGroups/{resourceGroupName}/providers/Microsoft.Compute/restorePointCollections/{restorePointCollectionName},RestorePointCollection,https://github.com/Azure/azure-rest-api-specs/blob/fe2ecb8ba063bedd3fab06de547cb4fd2eb99658/specification/compute/resource-manager/Microsoft.Compute/Compute/Compute/RestorePointCollection.tsp#L17,true,https://github.com/Azure/azure-rest-api-specs/blob/fe2ecb8ba063bedd3fab06de547cb4fd2eb99658/specification/compute/resource-manager/Microsoft.Compute/Compute/Compute/RestorePointCollection.tsp#L32,https://github.com/Azure/azure-rest-api-specs/blob/fe2ecb8ba063bedd3fab06de547cb4fd2eb99658/specification/compute/resource-manager/Microsoft.Compute/Compute/Compute/RestorePointCollection.tsp#L46
microsoft.compute/sshpublickeys|/subscriptions/{}/resourcegroups/{}/providers/microsoft.compute/sshpublickeys/{},Microsoft.Compute/sshPublicKeys,/subscriptions/{subscriptionId}/resourceGroups/{resourceGroupName}/providers/Microsoft.Compute/sshPublicKeys/{sshPublicKeyName},SshPublicKeyResource,https://github.com/Azure/azure-rest-api-specs/blob/fe2ecb8ba063bedd3fab06de547cb4fd2eb99658/specification/compute/resource-manager/Microsoft.Compute/Compute/Compute/SshPublicKeyResource.tsp#L17,true,https://github.com/Azure/azure-rest-api-specs/blob/fe2ecb8ba063bedd3fab06de547cb4fd2eb99658/specification/compute/resource-manager/Microsoft.Compute/Compute/Compute/SshPublicKeyResource.tsp#L35,https://github.com/Azure/azure-rest-api-specs/blob/fe2ecb8ba063bedd3fab06de547cb4fd2eb99658/specification/compute/resource-manager/Microsoft.Compute/Compute/Compute/SshPublicKeyResource.tsp#L42
microsoft.compute/virtualmachines/diagnosticruncommands|/subscriptions/{}/resourcegroups/{}/providers/microsoft.compute/virtualmachines/{}/diagnosticruncommands/{},Microsoft.Compute/virtualMachines/diagnosticRunCommands,/subscriptions/{subscriptionId}/resourceGroups/{resourceGroupName}/providers/Microsoft.Compute/virtualMachines/{vmName}/diagnosticRunCommands/{runCommandName},VirtualMachinesDiagnosticRunCommands,https://github.com/Azure/azure-rest-api-specs/blob/fe2ecb8ba063bedd3fab06de547cb4fd2eb99658/specification/compute/resource-manager/Microsoft.Compute/Compute/Compute/VirtualMachineDiagnosticRunCommand.tsp#L24,true,https://github.com/Azure/azure-rest-api-specs/blob/fe2ecb8ba063bedd3fab06de547cb4fd2eb99658/specification/compute/resource-manager/Microsoft.Compute/Compute/Compute/VirtualMachineDiagnosticRunCommand.tsp#L54,https://github.com/Azure/azure-rest-api-specs/blob/fe2ecb8ba063bedd3fab06de547cb4fd2eb99658/specification/compute/resource-manager/Microsoft.Compute/Compute/Compute/VirtualMachineDiagnosticRunCommand.tsp#L69
microsoft.compute/virtualmachines/extensions|/subscriptions/{}/resourcegroups/{}/providers/microsoft.compute/virtualmachines/{}/extensions/{},Microsoft.Compute/virtualMachines/extensions,/subscriptions/{subscriptionId}/resourceGroups/{resourceGroupName}/providers/Microsoft.Compute/virtualMachines/{vmName}/extensions/{vmExtensionName},VirtualMachineExtension,https://github.com/Azure/azure-rest-api-specs/blob/fe2ecb8ba063bedd3fab06de547cb4fd2eb99658/specification/compute/resource-manager/Microsoft.Compute/Compute/Compute/VirtualMachineExtension.tsp#L19,true,https://github.com/Azure/azure-rest-api-specs/blob/fe2ecb8ba063bedd3fab06de547cb4fd2eb99658/specification/compute/resource-manager/Microsoft.Compute/Compute/Compute/VirtualMachineExtension.tsp#L59,https://github.com/Azure/azure-rest-api-specs/blob/fe2ecb8ba063bedd3fab06de547cb4fd2eb99658/specification/compute/resource-manager/Microsoft.Compute/Compute/Compute/VirtualMachineExtension.tsp#L73
microsoft.compute/virtualmachines/runcommands|/subscriptions/{}/resourcegroups/{}/providers/microsoft.compute/virtualmachines/{}/runcommands/{},Microsoft.Compute/virtualMachines/runCommands,/subscriptions/{subscriptionId}/resourceGroups/{resourceGroupName}/providers/Microsoft.Compute/virtualMachines/{vmName}/runCommands/{runCommandName},VirtualMachinesRunCommands,https://github.com/Azure/azure-rest-api-specs/blob/fe2ecb8ba063bedd3fab06de547cb4fd2eb99658/specification/compute/resource-manager/Microsoft.Compute/Compute/Compute/VirtualMachineRunCommand.tsp#L19,true,https://github.com/Azure/azure-rest-api-specs/blob/fe2ecb8ba063bedd3fab06de547cb4fd2eb99658/specification/compute/resource-manager/Microsoft.Compute/Compute/Compute/VirtualMachineRunCommand.tsp#L62,https://github.com/Azure/azure-rest-api-specs/blob/fe2ecb8ba063bedd3fab06de547cb4fd2eb99658/specification/compute/resource-manager/Microsoft.Compute/Compute/Compute/VirtualMachineRunCommand.tsp#L76
microsoft.compute/virtualmachines|/subscriptions/{}/resourcegroups/{}/providers/microsoft.compute/virtualmachines/{},Microsoft.Compute/virtualMachines,/subscriptions/{subscriptionId}/resourceGroups/{resourceGroupName}/providers/Microsoft.Compute/virtualMachines/{vmName},VirtualMachine,https://github.com/Azure/azure-rest-api-specs/blob/fe2ecb8ba063bedd3fab06de547cb4fd2eb99658/specification/compute/resource-manager/Microsoft.Compute/Compute/Compute/VirtualMachine.tsp#L19,true,https://github.com/Azure/azure-rest-api-specs/blob/fe2ecb8ba063bedd3fab06de547cb4fd2eb99658/specification/compute/resource-manager/Microsoft.Compute/Compute/Compute/VirtualMachine.tsp#L81,https://github.com/Azure/azure-rest-api-specs/blob/fe2ecb8ba063bedd3fab06de547cb4fd2eb99658/specification/compute/resource-manager/Microsoft.Compute/Compute/Compute/VirtualMachine.tsp#L96
microsoft.compute/virtualmachinescalesets/lifecyclehookevents|/subscriptions/{}/resourcegroups/{}/providers/microsoft.compute/virtualmachinescalesets/{}/lifecyclehookevents/{},Microsoft.Compute/virtualMachineScaleSets/lifecycleHookEvents,/subscriptions/{subscriptionId}/resourceGroups/{resourceGroupName}/providers/Microsoft.Compute/virtualMachineScaleSets/{vmScaleSetName}/lifecycleHookEvents/{lifecycleHookEventName},VMScaleSetLifecycleHookEvent,https://github.com/Azure/azure-rest-api-specs/blob/fe2ecb8ba063bedd3fab06de547cb4fd2eb99658/specification/compute/resource-manager/Microsoft.Compute/Compute/Compute/VirtualMachineScaleSetLifecycleHookEvent.tsp#L24,false,https://github.com/Azure/azure-rest-api-specs/blob/fe2ecb8ba063bedd3fab06de547cb4fd2eb99658/specification/compute/resource-manager/Microsoft.Compute/Compute/Compute/VirtualMachineScaleSetLifecycleHookEvent.tsp#L58,
microsoft.compute/virtualmachinescalesets/rollingupgrades|/subscriptions/{}/resourcegroups/{}/providers/microsoft.compute/virtualmachinescalesets/{}/rollingupgrades/latest,Microsoft.Compute/virtualMachineScaleSets/rollingUpgrades,/subscriptions/{subscriptionId}/resourceGroups/{resourceGroupName}/providers/Microsoft.Compute/virtualMachineScaleSets/{vmScaleSetName}/rollingUpgrades/latest,RollingUpgradeStatusInfo,https://github.com/Azure/azure-rest-api-specs/blob/fe2ecb8ba063bedd3fab06de547cb4fd2eb99658/specification/compute/resource-manager/Microsoft.Compute/Compute/Compute/RollingUpgradeStatusInfo.tsp#L20,false,https://github.com/Azure/azure-rest-api-specs/blob/fe2ecb8ba063bedd3fab06de547cb4fd2eb99658/specification/compute/resource-manager/Microsoft.Compute/Compute/Compute/RollingUpgradeStatusInfo.tsp#L38,
microsoft.compute/virtualmachinescalesets/virtualmachines/diagnosticruncommands|/subscriptions/{}/resourcegroups/{}/providers/microsoft.compute/virtualmachinescalesets/{}/virtualmachines/{}/diagnosticruncommands/{},Microsoft.Compute/virtualMachineScaleSets/virtualMachines/diagnosticRunCommands,/subscriptions/{subscriptionId}/resourceGroups/{resourceGroupName}/providers/Microsoft.Compute/virtualMachineScaleSets/{vmScaleSetName}/virtualMachines/{instanceId}/diagnosticRunCommands/{runCommandName},VirtualMachinesDiagnosticRunCommands,https://github.com/Azure/azure-rest-api-specs/blob/fe2ecb8ba063bedd3fab06de547cb4fd2eb99658/specification/compute/resource-manager/Microsoft.Compute/Compute/Compute/VirtualMachineDiagnosticRunCommand.tsp#L24,true,https://github.com/Azure/azure-rest-api-specs/blob/fe2ecb8ba063bedd3fab06de547cb4fd2eb99658/specification/compute/resource-manager/Microsoft.Compute/Compute/Compute/VirtualMachineDiagnosticRunCommand.tsp#L142,https://github.com/Azure/azure-rest-api-specs/blob/fe2ecb8ba063bedd3fab06de547cb4fd2eb99658/specification/compute/resource-manager/Microsoft.Compute/Compute/Compute/VirtualMachineDiagnosticRunCommand.tsp#L159
microsoft.compute/virtualmachinescalesets/virtualmachines/runcommands|/subscriptions/{}/resourcegroups/{}/providers/microsoft.compute/virtualmachinescalesets/{}/virtualmachines/{}/runcommands/{},Microsoft.Compute/virtualMachineScaleSets/virtualMachines/runCommands,/subscriptions/{subscriptionId}/resourceGroups/{resourceGroupName}/providers/Microsoft.Compute/virtualMachineScaleSets/{vmScaleSetName}/virtualMachines/{instanceId}/runCommands/{runCommandName},VirtualMachinesRunCommands,https://github.com/Azure/azure-rest-api-specs/blob/fe2ecb8ba063bedd3fab06de547cb4fd2eb99658/specification/compute/resource-manager/Microsoft.Compute/Compute/Compute/VirtualMachineRunCommand.tsp#L19,true,https://github.com/Azure/azure-rest-api-specs/blob/fe2ecb8ba063bedd3fab06de547cb4fd2eb99658/specification/compute/resource-manager/Microsoft.Compute/Compute/Compute/VirtualMachineRunCommand.tsp#L163,https://github.com/Azure/azure-rest-api-specs/blob/fe2ecb8ba063bedd3fab06de547cb4fd2eb99658/specification/compute/resource-manager/Microsoft.Compute/Compute/Compute/VirtualMachineRunCommand.tsp#L179
microsoft.compute/virtualmachinescalesets/virtualmachines|/subscriptions/{}/resourcegroups/{}/providers/microsoft.compute/virtualmachinescalesets/{}/virtualmachines/{},Microsoft.Compute/virtualMachineScaleSets/virtualMachines,/subscriptions/{subscriptionId}/resourceGroups/{resourceGroupName}/providers/Microsoft.Compute/virtualMachineScaleSets/{vmScaleSetName}/virtualMachines/{instanceId},VirtualMachineScaleSetVM,https://github.com/Azure/azure-rest-api-specs/blob/fe2ecb8ba063bedd3fab06de547cb4fd2eb99658/specification/compute/resource-manager/Microsoft.Compute/Compute/Compute/VirtualMachineScaleSetVM.tsp#L19,true,https://github.com/Azure/azure-rest-api-specs/blob/fe2ecb8ba063bedd3fab06de547cb4fd2eb99658/specification/compute/resource-manager/Microsoft.Compute/Compute/Compute/VirtualMachineScaleSetVM.tsp#L110,https://github.com/Azure/azure-rest-api-specs/blob/fe2ecb8ba063bedd3fab06de547cb4fd2eb99658/specification/compute/resource-manager/Microsoft.Compute/Compute/Compute/VirtualMachineScaleSetVM.tsp#L128
microsoft.compute/virtualmachinescalesets|/subscriptions/{}/resourcegroups/{}/providers/microsoft.compute/virtualmachinescalesets/{},Microsoft.Compute/virtualMachineScaleSets,/subscriptions/{subscriptionId}/resourceGroups/{resourceGroupName}/providers/Microsoft.Compute/virtualMachineScaleSets/{vmScaleSetName},VirtualMachineScaleSet,https://github.com/Azure/azure-rest-api-specs/blob/fe2ecb8ba063bedd3fab06de547cb4fd2eb99658/specification/compute/resource-manager/Microsoft.Compute/Compute/Compute/VirtualMachineScaleSet.tsp#L25,true,https://github.com/Azure/azure-rest-api-specs/blob/fe2ecb8ba063bedd3fab06de547cb4fd2eb99658/specification/compute/resource-manager/Microsoft.Compute/Compute/Compute/VirtualMachineScaleSet.tsp#L86,https://github.com/Azure/azure-rest-api-specs/blob/fe2ecb8ba063bedd3fab06de547cb4fd2eb99658/specification/compute/resource-manager/Microsoft.Compute/Compute/Compute/VirtualMachineScaleSet.tsp#L101
